<?xml version="1.0" encoding="UTF-8"?>
<jcr:root xmlns:jcr="http://www.jcp.org/jcr/1.0" xmlns:nt="http://www.jcp.org/jcr/nt/1.0"
    jcr:primaryType="nt:unstructured">
    <components jcr:primaryType="nt:unstructured">
        <page jcr:primaryType="nt:unstructured">
            <basepage jcr:primaryType="nt:unstructured">
                <basepage.html.jsp/>
                <basepage.jsp/>
                <GET.jsp/>
                <html.jsp/>
            </basepage>
        </page>
    </components>
</jcr:root>
