<?xml version="1.0" encoding="UTF-8"?>
<jcr:root xmlns:sling="http://sling.apache.org/jcr/sling/1.0" xmlns:cq="http://www.day.com/jcr/cq/1.0" xmlns:jcr="http://www.jcp.org/jcr/1.0" xmlns:nt="http://www.jcp.org/jcr/nt/1.0"
    jcr:primaryType="nt:unstructured"
    jcr:title="ttnHeader"
    sling:resourceType="cq/gui/components/authoring/dialog">
    <content
        jcr:primaryType="nt:unstructured"
        sling:resourceType="granite/ui/components/coral/foundation/container">
        <items jcr:primaryType="nt:unstructured">
            <mytabs
                jcr:primaryType="nt:unstructured"
                sling:resourceType="granite/ui/components/coral/foundation/tabs">
                <items jcr:primaryType="nt:unstructured">
                    <tab1
                        jcr:primaryType="nt:unstructured"
                        jcr:title="Edit Heading Background"
                        sling:resourceType="granite/ui/components/coral/foundation/container">
                        <items jcr:primaryType="nt:unstructured">
                            <columns
                                jcr:primaryType="nt:unstructured"
                                sling:resourceType="granite/ui/components/coral/foundation/fixedcolumns">
                                <items jcr:primaryType="nt:unstructured">
                                    <column
                                        jcr:primaryType="nt:unstructured"
                                        sling:resourceType="granite/ui/components/coral/foundation/container">
                                        <items jcr:primaryType="nt:unstructured">
                                            <banner
                                                jcr:primaryType="nt:unstructured"
                                                sling:resourceType="/libs/granite/ui/components/coral/foundation/form/fileupload"
                                                fieldDescription="Choose heading background image"
                                                fieldLabel="Choose heading background "
                                                name="./banner"
                                                required="{Boolean}true"
                                                text="choose file"/>
                                        </items>
                                    </column>
                                </items>
                            </columns>
                        </items>
                    </tab1>
                    <tab2
                        jcr:primaryType="nt:unstructured"
                        jcr:title="Edit heading logo"
                        sling:resourceType="granite/ui/components/coral/foundation/container">
                        <items jcr:primaryType="nt:unstructured">
                            <columns
                                jcr:primaryType="nt:unstructured"
                                sling:resourceType="granite/ui/components/coral/foundation/fixedcolumns">
                                <items jcr:primaryType="nt:unstructured">
                                    <column
                                        jcr:primaryType="nt:unstructured"
                                        sling:resourceType="granite/ui/components/coral/foundation/container">
                                        <items jcr:primaryType="nt:unstructured">
                                            <logo
                                                jcr:primaryType="nt:unstructured"
                                                sling:resourceType="/libs/granite/ui/components/coral/foundation/form/fileupload"
                                                fieldDescription="Choose logo image"
                                                fieldLabel="Choose logo"
                                                name="./logo"
                                                required="{Boolean}true"
                                                text="choose file"/>
                                            <alt
                                                jcr:primaryType="nt:unstructured"
                                                sling:resourceType="granite/ui/components/coral/foundation/form/textfield"
                                                fieldDescription="Alternate text for logo"
                                                fieldLabel="logo alt"
                                                name="./alt"
                                                required="{Boolean}true"/>
                                            <action
                                                jcr:primaryType="nt:unstructured"
                                                sling:resourceType="granite/ui/components/coral/foundation/form/textfield"
                                                fieldDescription="Action on logo click"
                                                fieldLabel="logo action"
                                                name="./action"
                                                required="{Boolean}true"/>
                                        </items>
                                    </column>
                                </items>
                            </columns>
                        </items>
                    </tab2>
                    <tab3
                        jcr:primaryType="nt:unstructured"
                        jcr:title="Edit heading Menu"
                        sling:resourceType="granite/ui/components/coral/foundation/container">
                        <items jcr:primaryType="nt:unstructured">
                            <columns
                                jcr:primaryType="nt:unstructured"
                                sling:resourceType="granite/ui/components/coral/foundation/fixedcolumns">
                                <items jcr:primaryType="nt:unstructured">
                                    <column
                                        jcr:primaryType="nt:unstructured"
                                        sling:resourceType="granite/ui/components/coral/foundation/container">
                                        <items jcr:primaryType="nt:unstructured">
                                            <menuItem1
                                                jcr:primaryType="nt:unstructured"
                                                sling:resourceType="granite/ui/components/coral/foundation/form/textfield"
                                                fieldDescription="Enter menu item text one"
                                                fieldLabel="Menu Item Text 1"
                                                name="./menuItem1"
                                                required="{Boolean}true"/>
                                            <menuItemAction1
                                                jcr:primaryType="nt:unstructured"
                                                sling:resourceType="granite/ui/components/coral/foundation/form/textfield"
                                                fieldDescription="Enter menu item text one action"
                                                fieldLabel="Menu Item 1 URL"
                                                name="./menuItemAction1"
                                                required="{Boolean}true"/>
                                            <menuItem2
                                                jcr:primaryType="nt:unstructured"
                                                sling:resourceType="granite/ui/components/coral/foundation/form/textfield"
                                                fieldDescription="Enter menu item text two"
                                                fieldLabel="Menu Item Text 2"
                                                name="./menuItem2"
                                                required="{Boolean}true"/>
                                            <menuItemAction2
                                                jcr:primaryType="nt:unstructured"
                                                sling:resourceType="granite/ui/components/coral/foundation/form/textfield"
                                                fieldDescription="Enter menu item text two action"
                                                fieldLabel="Menu Item 2 URL"
                                                name="./menuItemAction2"
                                                required="{Boolean}true"/>
                                            <menuItem3
                                                jcr:primaryType="nt:unstructured"
                                                sling:resourceType="granite/ui/components/coral/foundation/form/textfield"
                                                fieldDescription="Enter menu item text three"
                                                fieldLabel="Menu Item Text 3"
                                                name="./menuItem3"
                                                required="{Boolean}true"/>
                                            <menuItemAction3
                                                jcr:primaryType="nt:unstructured"
                                                sling:resourceType="granite/ui/components/coral/foundation/form/textfield"
                                                fieldDescription="Enter menu item text three action"
                                                fieldLabel="Menu Item 3 URL"
                                                name="./menuItemAction3"
                                                required="{Boolean}true"/>
                                            <menuItem4
                                                jcr:primaryType="nt:unstructured"
                                                sling:resourceType="granite/ui/components/coral/foundation/form/textfield"
                                                fieldDescription="Enter menu item text four"
                                                fieldLabel="Menu Item Text 4"
                                                name="./menuItem4"
                                                required="{Boolean}true"/>
                                            <menuItemAction4
                                                jcr:primaryType="nt:unstructured"
                                                sling:resourceType="granite/ui/components/coral/foundation/form/textfield"
                                                fieldDescription="Enter menu item text four action"
                                                fieldLabel="Menu Item 4 URL"
                                                name="./menuItemAction4"
                                                required="{Boolean}true"/>
                                            <menuItem5
                                                jcr:primaryType="nt:unstructured"
                                                sling:resourceType="granite/ui/components/coral/foundation/form/textfield"
                                                fieldDescription="Enter menu item text five"
                                                fieldLabel="Menu Item Text 5"
                                                name="./menuItem5"
                                                required="{Boolean}true"/>
                                            <menuItemAction5
                                                jcr:primaryType="nt:unstructured"
                                                sling:resourceType="granite/ui/components/coral/foundation/form/textfield"
                                                fieldDescription="Enter menu item text five action"
                                                fieldLabel="Menu Item 5 URL"
                                                name="./menuItemAction5"
                                                required="{Boolean}true"/>
                                            <menuItem6
                                                jcr:primaryType="nt:unstructured"
                                                sling:resourceType="granite/ui/components/coral/foundation/form/textfield"
                                                fieldDescription="Enter menu item text six"
                                                fieldLabel="Menu Item Text 6"
                                                name="./menuItem6"
                                                required="{Boolean}true"/>
                                            <menuItemAction6
                                                jcr:primaryType="nt:unstructured"
                                                sling:resourceType="granite/ui/components/coral/foundation/form/textfield"
                                                fieldDescription="Enter menu item text six action"
                                                fieldLabel="Menu Item 6 URL"
                                                name="./menuItemAction6"
                                                required="{Boolean}true"/>
                                            <menuItem7
                                                jcr:primaryType="nt:unstructured"
                                                sling:resourceType="granite/ui/components/coral/foundation/form/textfield"
                                                fieldDescription="Enter menu item text seven"
                                                fieldLabel="Menu Item Text 7"
                                                name="./menuItem7"
                                                required="{Boolean}true"/>
                                            <menuItemAction7
                                                jcr:primaryType="nt:unstructured"
                                                sling:resourceType="granite/ui/components/coral/foundation/form/textfield"
                                                fieldDescription="Enter menu item text seven action"
                                                fieldLabel="Menu Item 7 URL"
                                                name="./menuItemAction7"
                                                required="{Boolean}true"/>
                                        </items>
                                    </column>
                                </items>
                            </columns>
                        </items>
                    </tab3>
                    <tab4
                        jcr:primaryType="nt:unstructured"
                        jcr:title="Additional heading fields"
                        sling:resourceType="granite/ui/components/coral/foundation/container">
                        <items jcr:primaryType="nt:unstructured">
                            <columns
                                jcr:primaryType="nt:unstructured"
                                sling:resourceType="granite/ui/components/coral/foundation/fixedcolumns">
                                <items jcr:primaryType="nt:unstructured">
                                    <column
                                        jcr:primaryType="nt:unstructured"
                                        sling:resourceType="granite/ui/components/coral/foundation/container">
                                        <items jcr:primaryType="nt:unstructured">
                                            <headingTitle
                                                jcr:primaryType="nt:unstructured"
                                                sling:resourceType="granite/ui/components/coral/foundation/form/textfield"
                                                fieldDescription="Adiing page heading title"
                                                fieldLabel="page heading title"
                                                name="./headingTitle"
                                                required="{Boolean}true"/>
                                            <headingSTitle
                                                jcr:primaryType="nt:unstructured"
                                                sling:resourceType="granite/ui/components/coral/foundation/form/textfield"
                                                fieldDescription="Adiing page sub-heading title"
                                                fieldLabel="page heading sub-heading "
                                                name="./headingSTitle"
                                                required="{Boolean}true"/>
                                        </items>
                                    </column>
                                </items>
                            </columns>
                        </items>
                    </tab4>
                </items>
            </mytabs>
        </items>
    </content>
</jcr:root>
