<?xml version="1.0" encoding="UTF-8"?>
<jcr:root xmlns:sling="http://sling.apache.org/jcr/sling/1.0" xmlns:jcr="http://www.jcp.org/jcr/1.0" xmlns:rep="internal"
    jcr:mixinTypes="[rep:AccessControllable]"
    jcr:primaryType="sling:OrderedFolder"
    sling:resourceType="sling:redirect"
    sling:target="/starter/index.html">
    <TRY1/>
    <rep:policy/>
    <slingshot/>
    <starter/>
    <NEWNODE/>
    <slingexample1/>
    <SlingProject/>
    <DHRUVTRY1/>
    <SlingProject2/>
    <Test1/>
    <DHRUVTRY2/>
    <DHRUVTRY3/>
    <DHRUVTRY4/>
    <DHRUVTRY5/>
    <unstructure1/>
    <sightly/>
    <my-options/>
</jcr:root>
